{"cameraMode":{"drawMode":0,"name":"Shaded","section":"Shading Mode"},"sceneLighting":false,"audioPlay":false,"sceneViewState":{"showFog":false,"showMaterialUpdate":false,"showSkybox":true,"showFlares":false,"showImageEffects":false,"showParticleSystems":false},"in2DMode":false,"pivot":{"x":1.1914172172546387,"y":0.16171318292617799,"z":1.3005352020263672},"rotation":{"x":0.03952084854245186,"y":0.3304649889469147,"z":-0.013840805739164353,"w":0.9428889155387878},"size":2.1233928203582765,"orthographic":false}