{"cameraMode":{"drawMode":0,"name":"Shaded","section":"Shading Mode"},"sceneLighting":false,"audioPlay":false,"sceneViewState":{"showFog":false,"showMaterialUpdate":false,"showSkybox":true,"showFlares":false,"showImageEffects":false,"showParticleSystems":false},"in2DMode":false,"pivot":{"x":177.87557983398438,"y":168.60804748535157,"z":-104.46934509277344},"rotation":{"x":0.021555395796895028,"y":-0.9777780771255493,"z":0.12821130454540254,"w":0.1644609123468399},"size":400.1037292480469,"orthographic":false}