{"cameraMode":{"drawMode":0,"name":"Shaded","section":"Shading Mode"},"sceneLighting":false,"audioPlay":false,"sceneViewState":{"showFog":false,"showMaterialUpdate":false,"showSkybox":true,"showFlares":false,"showImageEffects":false,"showParticleSystems":false},"in2DMode":false,"pivot":{"x":348.8496398925781,"y":210.36717224121095,"z":130.51483154296876},"rotation":{"x":-0.01677776500582695,"y":0.9538270831108093,"z":-0.2949312925338745,"w":-0.05429553985595703},"size":317.05377197265627,"orthographic":false}