{"cameraMode":{"drawMode":0,"name":"Shaded","section":"Shading Mode"},"sceneLighting":false,"audioPlay":false,"sceneViewState":{"showFog":false,"showMaterialUpdate":false,"showSkybox":true,"showFlares":false,"showImageEffects":false,"showParticleSystems":false},"in2DMode":false,"pivot":{"x":3.2222719192504885,"y":-3.327274799346924,"z":-26.334096908569337},"rotation":{"x":0.0034927616361528637,"y":0.9963945746421814,"z":-0.0672290250658989,"w":0.05163312703371048},"size":32.24443435668945,"orthographic":false}